country,category,url,final_url,status
india,national_portal,https://www.india.gov.in,https://www.india.gov.in,200.0
india,parliament,https://sansad.in,https://sansad.in/phistory,200.0
india,head_of_government,https://www.pmindia.gov.in,https://www.pmindia.gov.in/en/,200.0
india,finance_treasury,https://finmin.gov.in,https://finmin.gov.in,200.0
india,open_data_or_stats,https://data.gov.in,https://www.data.gov.in/,200.0
china,national_portal,https://www.gov.cn,https://www.gov.cn,200.0
china,head_of_government,https://english.www.gov.cn,https://english.www.gov.cn,200.0
china,finance_treasury,https://www.mof.gov.cn,https://www.mof.gov.cn,200.0
china,open_data_or_stats,https://www.stats.gov.cn,https://www.stats.gov.cn,200.0
united_states,national_portal,https://www.usa.gov,https://www.usa.gov,200.0
united_states,head_of_government,https://www.whitehouse.gov,https://www.whitehouse.gov,200.0
united_states,finance_treasury,https://home.treasury.gov,https://home.treasury.gov,200.0
united_states,open_data_or_stats,https://www.data.gov,https://data.gov/,200.0
indonesia,head_of_government,https://www.setkab.go.id,https://setkab.go.id/,200.0
pakistan,finance_treasury,https://www.finance.gov.pk,https://www.finance.gov.pk,200.0
nigeria,parliament,https://www.nass.gov.ng,https://www.nass.gov.ng,200.0
nigeria,head_of_government,https://statehouse.gov.ng,https://statehouse.gov.ng,200.0
nigeria,finance_treasury,https://www.finance.gov.ng,https://finance.gov.ng/,200.0
nigeria,open_data_or_stats,https://www.nigerianstat.gov.ng,https://www.nigerianstat.gov.ng,200.0
brazil,national_portal,https://www.gov.br,https://www.gov.br/pt-br,200.0
brazil,parliament,https://www.camara.leg.br,https://www.camara.leg.br,200.0
brazil,head_of_government,https://www.gov.br/planalto,https://www.gov.br/planalto/pt-br,200.0
brazil,finance_treasury,https://www.gov.br/receitafederal,https://www.gov.br/receitafederal/pt-br,200.0
brazil,open_data_or_stats,https://dados.gov.br,https://dados.gov.br,200.0
bangladesh,open_data_or_stats,https://data.gov.bd,https://data.gov.bd,200.0
mexico,national_portal,https://www.gob.mx,https://www.gob.mx,200.0
mexico,head_of_government,https://www.gob.mx/presidencia,https://www.gob.mx/presidencia,200.0
mexico,open_data_or_stats,https://datos.gob.mx,https://datos.gob.mx,200.0
japan,national_portal,https://www.japan.go.jp,https://www.japan.go.jp,200.0
japan,parliament,https://www.shugiin.go.jp,https://www.shugiin.go.jp/internet/index.nsf/html/index.htm,200.0
japan,head_of_government,https://www.kantei.go.jp,https://www.kantei.go.jp,200.0
japan,finance_treasury,https://www.mof.go.jp,https://www.mof.go.jp,200.0
japan,open_data_or_stats,https://www.e-stat.go.jp,https://www.e-stat.go.jp,200.0
ethiopia,parliament,https://www.hopr.gov.et,https://www.hopr.gov.et,200.0
ethiopia,head_of_government,https://www.pmo.gov.et,https://www.pmo.gov.et,200.0
philippines,finance_treasury,https://www.dof.gov.ph,https://www.dof.gov.ph,200.0
philippines,open_data_or_stats,https://data.gov.ph,https://data.gov.ph,200.0
egypt,finance_treasury,https://www.mof.gov.eg,https://mof.gov.eg/,200.0
egypt,open_data_or_stats,https://www.capmas.gov.eg,https://www.capmas.gov.eg,200.0
vietnam,national_portal,https://www.chinhphu.vn,https://chinhphu.vn/,200.0
vietnam,finance_treasury,https://www.mof.gov.vn,https://www.mof.gov.vn,200.0
dr_congo,head_of_government,https://www.presidence.cd,https://www.presidence.cd,200.0
turkey,national_portal,https://www.turkiye.gov.tr,https://www.turkiye.gov.tr,200.0
turkey,finance_treasury,https://www.hmb.gov.tr,https://www.hmb.gov.tr,200.0
iran,head_of_government,https://www.president.ir,https://president.ir/,200.0
germany,national_portal,https://www.bundesregierung.de,https://www.bundesregierung.de/breg-de,200.0
germany,parliament,https://www.bundestag.de,https://www.bundestag.de,200.0
germany,finance_treasury,https://www.bundesfinanzministerium.de,https://validate.perfdrive.com/?ssa=9f6bc4f0-e7e9-4c4b-8fb4-9f51c2c8c476&ssb=01649299953&ssc=https%3A%2F%2Fwww.bundesfinanzministerium.de%2F&ssi=7cc42162-ca3f-4f68-9aee-8fcbd9635713&ssk=botmanager_support@radware.com&ssm=48137135950728242100603608908296&ssn=3b49dfede485c87b97ed6dee682360f7a84f36763d57-cde4-496a-b44bdf&sso=8a85329b-fe78e481e24e7e7a28ca2181be8c5b314b81c09e80c9e5cf&ssp=64535966951753467044175343463397368&ssq=45496501867386896973218673126833789744600&ssr=MTM2LjE4NS40Ny4xOTA=&sst=python-httpx/0.28.1&ssu=&ssv=&ssw=&ssx=eyJ1em14IjoiN2Y5MDAwNjAwZjk1YjktZjA2ZS00YjI3LWIwNDEtNzBiYWZmMjFmZjA2MS0xNzUzNDE4Njc0NTgxMC1mNjcxMWE1ZmZjMmMzMTBhMTAiLCJfX3V6bWYiOiI3ZjkwMDAzNjc2M2Q1Ny1jZGU0LTQ5NmEtYjI5Yi1mZTc4ZTQ4MWUyNGUxLTE3NTM0MTg2NzQ1ODEwLTAwMDdhOTAwOWNkYzE2YWFhNTkxMCIsInJkIjoiYnVuZGVzZmluYW56bWluaXN0ZXJpdW0uZGUifQ==,200.0
germany,open_data_or_stats,https://www.destatis.de,https://www.destatis.de/DE/Home/_inhalt.html,200.0
thailand,parliament,https://www.parliament.go.th,https://www.parliament.go.th,200.0
united_kingdom,national_portal,https://www.gov.uk,https://www.gov.uk,200.0
united_kingdom,head_of_government,https://www.gov.uk/government/organisations/prime-ministers-office-10-downing-street,https://www.gov.uk/government/organisations/prime-ministers-office-10-downing-street,200.0
united_kingdom,finance_treasury,https://www.gov.uk/government/organisations/hm-treasury,https://www.gov.uk/government/organisations/hm-treasury,200.0
united_kingdom,open_data_or_stats,https://data.gov.uk,https://www.data.gov.uk/,200.0
france,parliament,https://www.assemblee-nationale.fr,https://www.assemblee-nationale.fr,200.0
france,head_of_government,https://www.elysee.fr,https://www.elysee.fr,200.0
france,open_data_or_stats,https://www.data.gouv.fr,https://www.data.gouv.fr,200.0
italy,national_portal,https://www.governo.it,https://www.governo.it/it,200.0
italy,parliament,https://www.camera.it,https://www.camera.it/leg19/1,200.0
italy,finance_treasury,https://www.mef.gov.it,https://www.mef.gov.it,200.0
italy,open_data_or_stats,https://www.dati.gov.it,https://www.dati.gov.it,200.0
tanzania,parliament,https://www.parliament.go.tz,https://www.parliament.go.tz,200.0
tanzania,finance_treasury,https://www.mof.go.tz,https://www.mof.go.tz,200.0
tanzania,open_data_or_stats,https://www.nbs.go.tz,https://www.nbs.go.tz,200.0
south_africa,national_portal,https://www.gov.za,https://www.gov.za,200.0
south_africa,parliament,https://www.parliament.gov.za,https://www.parliament.gov.za,200.0
south_africa,head_of_government,https://www.thepresidency.gov.za,https://www.thepresidency.gov.za,200.0
south_africa,finance_treasury,https://www.treasury.gov.za,https://www.treasury.gov.za,200.0
myanmar,national_portal,https://www.myanmar.gov.mm,https://www.myanmar.gov.mm,200.0
myanmar,finance_treasury,https://www.mopf.gov.mm,https://www.mopf.gov.mm,200.0
myanmar,open_data_or_stats,https://www.csostat.gov.mm,https://www.csostat.gov.mm,200.0
kenya,finance_treasury,https://www.treasury.go.ke,https://www.treasury.go.ke,200.0
south_korea,parliament,https://www.assembly.go.kr,https://www.assembly.go.kr,200.0
south_korea,finance_treasury,https://www.moef.go.kr,https://www.moef.go.kr,200.0
south_korea,open_data_or_stats,https://www.data.go.kr,https://www.data.go.kr,200.0
colombia,national_portal,https://www.gov.co,https://www.gov.co,200.0
colombia,finance_treasury,https://www.minhacienda.gov.co,https://validate.perfdrive.com/?ssa=ab821ead-5d9e-4ab0-9980-856e2bc0ee77&ssb=65816252715&ssc=https%3A%2F%2Fwww.minhacienda.gov.co%2F&ssi=8bfae28e-cv6z-4c03-9a76-ab8161640def&ssk=botmanager_support@radware.com&ssm=45726156340600834100993098713047&ssn=9f17f122be943d82ac68a54051928b44019dd06160bb-f0c0-4b55-a0299a&sso=3309e0c5-e8245e26fae38683c58d13d6b1d42cf2f7ea7ca91a4dd5f5&ssp=85048832171753493515175342492721273&ssq=77280701865939650841018659090648567082142&ssr=MTM2LjE4NS40Ny4xOTA=&sst=python-httpx/0.28.1&ssu=&ssv=&ssw=&ssx=eyJfX3V6bWYiOiI3ZjkwMDBkMDYxNjBiYi1mMGMwLTRiNTUtYTBjNS1lODI0NWUyNmZhZTMxLTE3NTM0MTg2NTk2NzYwLTAwMGNkYTgyMTdmN2I5ZWI4ZTAxMCIsInV6bXgiOiI3ZjkwMDA5MGNhMWYxOC0zOWRiLTQwYWUtYWZlZi1lZWM5MDViYmMzNDUxLTE3NTM0MTg2NTk2NzYwLTlmMzQ5NWJjZWYwN2JjNzgxMCIsInJkIjoibWluaGFjaWVuZGEuZ292LmNvIn0=,200.0
colombia,open_data_or_stats,https://www.datos.gov.co,https://www.datos.gov.co,200.0
spain,national_portal,https://www.lamoncloa.gob.es,https://www.lamoncloa.gob.es/Paginas/index.aspx,200.0
spain,finance_treasury,https://www.hacienda.gob.es,https://www.hacienda.gob.es/es-ES/Paginas/Home.aspx,200.0
spain,open_data_or_stats,https://datos.gob.es,https://datos.gob.es/es/,200.0
uganda,parliament,https://www.parliament.go.ug,https://www.parliament.go.ug,200.0
uganda,head_of_government,https://www.statehouse.go.ug,https://statehouse.go.ug/,200.0
uganda,finance_treasury,https://www.finance.go.ug,https://www.finance.go.ug,200.0
argentina,national_portal,https://www.argentina.gob.ar,https://www.argentina.gob.ar,200.0
argentina,parliament,https://www.diputados.gob.ar,https://www.diputados.gob.ar,200.0
argentina,head_of_government,https://www.argentina.gob.ar/presidencia,https://www.argentina.gob.ar/presidencia,200.0
argentina,finance_treasury,https://www.economia.gob.ar,https://www.argentina.gob.ar/economia,200.0
argentina,open_data_or_stats,https://www.datos.gob.ar,https://www.datos.gob.ar,200.0
ukraine,national_portal,https://www.kmu.gov.ua,http://validate.perfdrive.com/?ssa=4561b278-b2ea-457f-9865-d09e1822a615&ssb=14449201900&ssc=https%3A%2F%2Fwww.kmu.gov.ua%2F&ssi=efb42d8a-bqw7-4f81-af77-d1119aaf0b1b&ssk=support@shieldsquare.com&ssm=17260004119060164106137089030602&ssn=6ac454280b6540248415ce36052cf82f1cc2e1536b4e-b471-460a-b8bd1c&sso=739c15c9-e2445d0d6a507324478aa759ccb0e3f959f60065f9a8c6c3&ssp=65421222881753444283175345016288106&ssq=95029201866225522097118662514102295839503&ssr=MTM2LjE4NS40Ny4xOTA=&sst=python-httpx/0.28.1&ssu=&ssv=&ssw=&ssx=eyJyZCI6ImttdS5nb3YudWEiLCJfX3V6bWYiOiI3ZjkwMDBlMTUzNmI0ZS1iNDcxLTQ2MGEtYjVjOS1lMjQ0NWQwZDZhNTAxLTE3NTM0MTg2NjMxNjYwLTAwMDQ1ZmM1M2M2NjQ3ZTY4OTgxMCIsInV6bXgiOiI3ZjkwMDBjYzczM2IxYi1lYzgyLTQ0MmQtODRkNC00MTg4ZGIxM2RlNzYxLTE3NTM0MTg2NjMxNjYwLWZkYjFiYzJhOTY3MzljMTcxMCJ9,200.0
iraq,finance_treasury,https://www.mof.gov.iq,https://mof.gov.iq/Pages/MainMof.aspx,200.0
iraq,open_data_or_stats,https://www.cosit.gov.iq,https://www.cosit.gov.iq/ar/,200.0
poland,national_portal,https://www.gov.pl,https://www.gov.pl,200.0
poland,finance_treasury,https://www.gov.pl/web/finance,https://www.gov.pl/web/finance,200.0
poland,open_data_or_stats,https://stat.gov.pl,https://stat.gov.pl,200.0
canada,national_portal,https://www.canada.ca,https://www.canada.ca,200.0
canada,parliament,https://www.parl.ca,https://www.parl.ca,200.0
canada,head_of_government,https://pm.gc.ca,https://www.pm.gc.ca/,200.0
canada,open_data_or_stats,https://open.canada.ca,https://open.canada.ca/en,200.0
morocco,national_portal,https://www.maroc.ma,https://www.maroc.ma/ar,200.0
morocco,head_of_government,https://www.cg.gov.ma,https://www.cg.gov.ma/ar,200.0
morocco,open_data_or_stats,https://www.hcp.ma,https://www.hcp.ma,200.0
saudi_arabia,parliament,https://www.shura.gov.sa,https://www.shura.gov.sa/wps/wcm/connect/ShuraArabic/internet/Introduction/,200.0
saudi_arabia,finance_treasury,https://www.mof.gov.sa,https://www.mof.gov.sa/Pages/default.aspx,200.0
saudi_arabia,open_data_or_stats,https://www.data.gov.sa,https://data.gov.sa/ar,200.0
uzbekistan,national_portal,https://www.gov.uz,https://www.gov.uz/oz,200.0
uzbekistan,parliament,https://www.parliament.gov.uz,https://www.parliament.gov.uz,200.0
uzbekistan,head_of_government,https://president.uz,https://president.uz/uz,200.0
uzbekistan,finance_treasury,https://www.mf.uz,https://www.imv.uz/,200.0
peru,national_portal,https://www.gob.pe,https://www.gob.pe,200.0
peru,parliament,https://www.congreso.gob.pe,https://www.congreso.gob.pe,200.0
peru,head_of_government,https://www.gob.pe/presidencia,https://www.gob.pe/presidencia,200.0
peru,finance_treasury,https://www.mef.gob.pe,https://www.gob.pe/mef,200.0
peru,open_data_or_stats,https://www.datosabiertos.gob.pe,https://www.datosabiertos.gob.pe,200.0
afghanistan,finance_treasury,https://mof.gov.af,https://mof.gov.af,200.0
malaysia,national_portal,https://www.malaysia.gov.my,https://www.malaysia.gov.my/portal/,200.0
malaysia,head_of_government,https://www.pmo.gov.my,https://www.pmo.gov.my,200.0
malaysia,finance_treasury,https://www.mof.gov.my,https://www.mof.gov.my/ms/,200.0
malaysia,open_data_or_stats,https://www.data.gov.my,https://data.gov.my/,200.0
mozambique,national_portal,https://www.portaldogoverno.gov.mz,https://portaldogoverno.gov.mz/,200.0
mozambique,head_of_government,https://www.presidencia.gov.mz,https://presidencia.gov.mz/,200.0
mozambique,finance_treasury,https://www.mef.gov.mz,https://www.mef.gov.mz,200.0
ghana,national_portal,https://www.ghana.gov.gh,https://www.ghana.gov.gh,200.0
ghana,parliament,https://www.parliament.gh,https://www.parliament.gh,200.0
ghana,head_of_government,https://www.presidency.gov.gh,https://presidency.gov.gh/,200.0
ghana,finance_treasury,https://www.mofep.gov.gh,https://www.mofep.gov.gh,200.0
ghana,open_data_or_stats,https://www.statsghana.gov.gh,https://www.statsghana.gov.gh,200.0
yemen,parliament,https://www.parliament-ye.com,https://parliament-ye.com/,200.0
yemen,finance_treasury,https://www.mof.gov.ye,https://mof.gov.ye/,200.0
yemen,open_data_or_stats,https://www.cso-yemen.org,https://cso-yemen.org/,200.0
nepal,head_of_government,https://www.opmcm.gov.np,https://www.opmcm.gov.np,200.0
nepal,finance_treasury,https://www.mof.gov.np,https://www.mof.gov.np,200.0
madagascar,parliament,https://www.assemblee-nationale.mg,https://assemblee-nationale.mg/,200.0
madagascar,head_of_government,https://www.presidence.gov.mg,https://www.presidence.gov.mg,200.0
madagascar,open_data_or_stats,https://www.instat.mg,https://www.instat.mg,200.0
cameroon,national_portal,https://www.spm.gov.cm,https://www.spm.gov.cm,200.0
cameroon,parliament,https://www.assnat.cm,https://www.assnat.cm,200.0
cameroon,head_of_government,https://www.prc.cm,https://www.prc.cm/fr/,200.0
cameroon,finance_treasury,https://www.minfi.gov.cm,https://minfi.gov.cm/,200.0
cote_d_ivoire,national_portal,https://www.gouv.ci,https://www.gouv.ci,200.0
cote_d_ivoire,head_of_government,https://www.presidence.ci,https://www.presidence.ci,200.0
cote_d_ivoire,finance_treasury,https://www.finances.gouv.ci,https://www.finances.gouv.ci,200.0
australia,national_portal,https://www.australia.gov.au,https://my.gov.au/en/services?redirectFrom=australia.gov.au,200.0
australia,parliament,https://www.aph.gov.au,https://www.aph.gov.au,200.0
australia,head_of_government,https://www.pm.gov.au,https://www.pm.gov.au,200.0
australia,finance_treasury,https://treasury.gov.au,https://treasury.gov.au,200.0
australia,open_data_or_stats,https://data.gov.au,https://data.gov.au,200.0
taiwan,head_of_government,https://www.ey.gov.tw,https://www.ey.gov.tw,200.0
taiwan,finance_treasury,https://www.mof.gov.tw,https://www.mof.gov.tw,200.0
taiwan,open_data_or_stats,https://data.gov.tw,https://data.gov.tw,200.0
sri_lanka,national_portal,https://www.gov.lk,https://www.gov.lk,200.0
sri_lanka,head_of_government,https://www.president.gov.lk,https://www.president.gov.lk,200.0
sri_lanka,finance_treasury,https://www.treasury.gov.lk,https://www.treasury.gov.lk,200.0
burkina_faso,national_portal,https://www.gouvernement.gov.bf,https://gouvernement.gov.bf/,200.0
burkina_faso,parliament,https://www.assembleenationale.bf,https://www.assembleenationale.bf,200.0
burkina_faso,finance_treasury,https://www.finances.gov.bf,https://www.finances.gov.bf/accueil,200.0
burkina_faso,open_data_or_stats,https://www.insd.bf,https://www.insd.bf,200.0
mali,parliament,https://www.assemblee-nationale.ml,https://assemblee-nationale.ml/,200.0
mali,open_data_or_stats,https://www.instat-mali.org,https://www.instat-mali.org/fr,200.0
romania,open_data_or_stats,https://data.gov.ro,https://data.gov.ro,200.0
malawi,national_portal,https://www.malawi.gov.mw,https://www.malawi.gov.mw,200.0
malawi,parliament,https://www.parliament.gov.mw,https://www.parliament.gov.mw,200.0
malawi,open_data_or_stats,https://www.nsomalawi.mw,https://www.nsomalawi.mw,200.0
chile,finance_treasury,https://www.hacienda.cl,https://www.hacienda.cl,200.0
kazakhstan,national_portal,https://www.gov.kz,https://www.gov.kz,200.0
kazakhstan,parliament,https://www.parlam.kz,https://www.parlam.kz,200.0
kazakhstan,head_of_government,https://www.primeminister.kz,https://primeminister.kz/,200.0
kazakhstan,open_data_or_stats,https://stat.gov.kz,https://stat.gov.kz,200.0
zambia,open_data_or_stats,https://www.zamstats.gov.zm,https://www.zamstats.gov.zm,200.0
guatemala,head_of_government,https://www.presidencia.gob.gt,https://bernardoarevalo.presidencia.gob.gt/,200.0
ecuador,parliament,https://www.asambleanacional.gob.ec,https://www.asambleanacional.gob.ec/es,200.0
ecuador,open_data_or_stats,https://www.datosabiertos.gob.ec,https://www.datosabiertos.gob.ec,200.0
netherlands,national_portal,https://www.government.nl,https://www.government.nl,200.0
netherlands,parliament,https://www.tweedekamer.nl,https://www.tweedekamer.nl,200.0
netherlands,finance_treasury,https://www.government.nl/ministries/ministry-of-finance,https://www.government.nl/ministries/ministry-of-finance,200.0
netherlands,open_data_or_stats,https://data.overheid.nl,https://data.overheid.nl,200.0
senegal,national_portal,https://www.sec.gouv.sn,https://primature.sn/,200.0
senegal,head_of_government,https://www.presidence.sn,https://www.presidence.sn/fr/,200.0
cambodia,parliament,https://www.nac.gov.kh,https://www.nac.gov.kh,200.0
cambodia,head_of_government,https://www.pressocm.gov.kh,https://pressocm.gov.kh/,200.0
cambodia,open_data_or_stats,https://www.nis.gov.kh,https://www.nis.gov.kh/index.php/km/,200.0
chad,parliament,https://www.assemblee-nationale.td,https://assemblee-nationale.td/,200.0
chad,finance_treasury,https://www.finances.gouv.td,https://www.finances.gouv.td,200.0
somalia,parliament,https://www.parliament.gov.so,https://parliament.gov.so/,200.0
somalia,head_of_government,https://www.villasomalia.gov.so,https://villasomalia.gov.so/index/,200.0
somalia,finance_treasury,https://mof.gov.so,https://mof.gov.so,200.0
zimbabwe,open_data_or_stats,https://www.zimstat.co.zw,https://zimstat.co.zw/,200.0
guinea,national_portal,https://www.gouvernement.gov.gn,https://gouvernement.gov.gn/,200.0
guinea,head_of_government,https://www.presidence.gov.gn,https://presidence.gov.gn/,200.0
guinea,open_data_or_stats,https://www.stat-guinee.org,https://www.stat-guinee.org,200.0
rwanda,national_portal,https://www.gov.rw,https://www.gov.rw,200.0
rwanda,parliament,https://www.parliament.gov.rw,https://www.parliament.gov.rw,200.0
rwanda,finance_treasury,https://www.minecofin.gov.rw,https://www.minecofin.gov.rw,200.0
rwanda,open_data_or_stats,https://statistics.gov.rw,https://statistics.gov.rw,200.0
benin,national_portal,https://www.gouv.bj,https://www.gouv.bj,200.0
benin,parliament,https://www.assemblee-nationale.bj,https://assemblee-nationale.bj/,200.0
benin,head_of_government,https://www.presidence.bj,https://www.presidence.bj,200.0
benin,finance_treasury,https://www.finances.bj,https://finances.bj/,200.0
burundi,parliament,https://www.assemblee.bi,https://assemblee.bi/,200.0
burundi,head_of_government,https://www.presidence.gov.bi,https://presidence.gov.bi/,200.0
burundi,open_data_or_stats,https://www.isteebu.bi,https://www.isteebu.bi,200.0
tunisia,national_portal,https://www.tunisie.gov.tn,https://www.tunisie.gov.tn,200.0
tunisia,parliament,https://www.arp.tn,https://www.arp.tn/ar_SY/,200.0
tunisia,head_of_government,https://www.carthage.tn,https://www.carthage.tn,200.0
tunisia,finance_treasury,https://www.finances.gov.tn,https://www.finances.gov.tn/fr,200.0
tunisia,open_data_or_stats,https://www.ins.tn,https://www.ins.tn,200.0
bolivia,parliament,https://www.diputados.bo,https://diputados.gob.bo/,200.0
bolivia,head_of_government,https://www.presidencia.gob.bo,https://presidencia.gob.bo/,200.0
belgium,national_portal,https://www.belgium.be,https://www.belgium.be/language_selection_page?destination=/node/8521,200.0
belgium,parliament,https://www.dekamer.be,https://www.dekamer.be/kvvcr/index.cfm,200.0
belgium,finance_treasury,https://finance.belgium.be,https://finance.belgium.be/language_selection,200.0
belgium,open_data_or_stats,https://statbel.fgov.be,https://statbel.fgov.be/language_selection_page?destination=/node/15,200.0
haiti,finance_treasury,https://www.mef.gouv.ht,https://www.mef.gouv.ht,200.0
cuba,head_of_government,https://www.presidencia.gob.cu,https://www.presidencia.gob.cu/es/,200.0
cuba,open_data_or_stats,https://www.onei.gob.cu,https://www.onei.gob.cu,200.0
south_sudan,finance_treasury,https://mofep-grss.org,https://mofep-grss.org,200.0
south_sudan,open_data_or_stats,https://www.nbs.gov.ss,https://nbs.gov.ss/,200.0
dominican_republic,national_portal,https://www.gob.do,https://www.gob.do,200.0
dominican_republic,head_of_government,https://www.presidencia.gob.do,https://www.presidencia.gob.do,200.0
dominican_republic,open_data_or_stats,https://www.datos.gob.do,https://www.datos.gob.do,200.0
czechia,national_portal,https://www.vlada.cz,https://vlada.gov.cz/,200.0
czechia,parliament,https://www.psp.cz,https://www.psp.cz/index.htm,200.0
czechia,finance_treasury,https://www.mfcr.cz,https://www.mfcr.cz,200.0
czechia,open_data_or_stats,https://data.gov.cz,https://data.gov.cz,200.0
greece,finance_treasury,https://www.minfin.gr,https://minfin.gov.gr/,200.0
jordan,head_of_government,https://www.pm.gov.jo,https://www.pm.gov.jo/Default/Ar,200.0
jordan,finance_treasury,https://www.mof.gov.jo,https://www.mof.gov.jo/Default/Ar,200.0
jordan,open_data_or_stats,https://dosweb.dos.gov.jo,https://dosweb.dos.gov.jo,200.0
portugal,national_portal,https://www.portugal.gov.pt,https://www.portugal.gov.pt/pt/gc25,200.0
portugal,parliament,https://www.parlamento.pt,https://www.parlamento.pt,200.0
portugal,head_of_government,https://www.portugal.gov.pt/pt/gc23/primeiro-ministro,https://www.portugal.gov.pt/pt/gc23/primeiro-ministro,200.0
portugal,finance_treasury,https://www.portugal.gov.pt/pt/gc23/area-de-governo/financas,https://www.portugal.gov.pt/pt/gc23/area-de-governo/financas,200.0
portugal,open_data_or_stats,https://www.dados.gov.pt,https://dados.gov.pt/pt/,200.0
azerbaijan,national_portal,https://www.gov.az,https://www.gov.az,200.0
azerbaijan,parliament,https://www.meclis.gov.az,https://www.meclis.gov.az,200.0
azerbaijan,head_of_government,https://president.az,https://president.az,200.0
azerbaijan,open_data_or_stats,https://www.stat.gov.az,https://www.stat.gov.az,200.0
sweden,parliament,https://www.riksdagen.se,https://www.riksdagen.se/sv/,200.0
sweden,open_data_or_stats,https://www.scb.se,https://www.scb.se,200.0
honduras,head_of_government,https://www.presidencia.gob.hn,https://www.presidencia.gob.hn,200.0
united_arab_emirates,national_portal,https://u.ae,https://u.ae,200.0
united_arab_emirates,head_of_government,https://uaecabinet.ae,https://uaecabinet.ae,200.0
united_arab_emirates,finance_treasury,https://www.mof.gov.ae,https://mof.gov.ae/,200.0
hungary,national_portal,https://www.kormany.hu,https://kormany.hu/,200.0
hungary,parliament,https://www.parlament.hu,https://www.parlament.hu,200.0
hungary,head_of_government,https://www.kormany.hu/miniszterelnok,https://kormany.hu/miniszterelnok,200.0
hungary,open_data_or_stats,https://www.ksh.hu,https://www.ksh.hu,200.0
tajikistan,open_data_or_stats,https://www.stat.tj,https://www.stat.tj,200.0
belarus,national_portal,https://www.government.by,https://www.government.by,200.0
belarus,finance_treasury,https://www.minfin.gov.by,https://www.minfin.gov.by,200.0
belarus,open_data_or_stats,https://www.belstat.gov.by,https://www.belstat.gov.by,200.0
austria,national_portal,https://www.oesterreich.gv.at,https://www.oesterreich.gv.at/de,200.0
austria,parliament,https://www.parlament.gv.at,https://www.parlament.gv.at,200.0
austria,finance_treasury,https://www.bmf.gv.at,https://www.bmf.gv.at,200.0
austria,open_data_or_stats,https://www.data.gv.at,https://www.data.gv.at,200.0
papua_new_guinea,parliament,https://www.parliament.gov.pg,https://www.parliament.gov.pg,200.0
papua_new_guinea,head_of_government,https://www.pmnec.gov.pg,https://www.pmnec.gov.pg,200.0
papua_new_guinea,finance_treasury,https://www.treasury.gov.pg,https://www.treasury.gov.pg,200.0
papua_new_guinea,open_data_or_stats,https://www.nso.gov.pg,https://www.nso.gov.pg,200.0
serbia,national_portal,https://www.srbija.gov.rs,https://www.srbija.gov.rs,200.0
serbia,finance_treasury,https://www.mfin.gov.rs,https://www.mfin.gov.rs,200.0
serbia,open_data_or_stats,https://data.gov.rs,https://data.gov.rs/sr/,200.0
israel,parliament,https://www.knesset.gov.il,https://www.knesset.gov.il,247.0
israel,open_data_or_stats,https://www.data.gov.il,https://data.gov.il,200.0
switzerland,national_portal,https://www.admin.ch,https://www.admin.ch,202.0
switzerland,parliament,https://www.parlament.ch,https://www.parlament.ch/de,200.0
switzerland,finance_treasury,https://www.efv.admin.ch,https://www.efv.admin.ch,200.0
switzerland,open_data_or_stats,https://www.opendata.swiss,https://opendata.swiss/de,200.0
togo,head_of_government,https://www.presidence.gouv.tg,https://presidence.gouv.tg/,200.0
togo,finance_treasury,https://finances.gouv.tg,https://finances.gouv.tg,200.0
togo,open_data_or_stats,https://www.inseed.tg,https://inseed.tg/,200.0
