country,category,url,status,error
china,parliament,https://www.npc.gov.cn,,ConnectError('[SSL: SSLV3_ALERT_HANDSHAKE_FAILURE] sslv3 alert handshake failure (_ssl.c:1007)')
united_states,parliament,https://www.congress.gov,403.0,
indonesia,national_portal,https://www.indonesia.go.id,503.0,
indonesia,parliament,https://www.dpr.go.id,403.0,
indonesia,finance_treasury,https://www.kemenkeu.go.id,,ConnectError('')
indonesia,open_data_or_stats,https://www.bps.go.id,403.0,
pakistan,national_portal,https://www.pakistan.gov.pk,,ConnectTimeout('')
pakistan,parliament,https://na.gov.pk,,ConnectTimeout('')
pakistan,head_of_government,https://pmo.gov.pk,,ConnectTimeout('')
pakistan,open_data_or_stats,https://www.data.gov.pk,,ConnectTimeout('')
nigeria,national_portal,https://www.nigeria.gov.ng,403.0,
bangladesh,national_portal,https://www.bangladesh.gov.bd,403.0,
bangladesh,parliament,https://www.parliament.gov.bd,,ConnectError('[SSL: CERTIFICATE_VERIFY_FAILED] certificate verify failed: unable to get local issuer certificate (_ssl.c:1007)')
bangladesh,head_of_government,https://pmo.gov.bd,,ConnectError('[Errno -3] Temporary failure in name resolution')
bangladesh,finance_treasury,https://mof.gov.bd,,ConnectError('[SSL: CERTIFICATE_VERIFY_FAILED] certificate verify failed: unable to get local issuer certificate (_ssl.c:1007)')
russia,national_portal,https://government.ru,,ConnectTimeout('')
russia,parliament,https://duma.gov.ru,,ConnectTimeout('')
russia,head_of_government,https://government.ru,,ConnectTimeout('')
russia,finance_treasury,https://minfin.gov.ru,403.0,
russia,open_data_or_stats,https://www.gks.ru,,ConnectError('[SSL: CERTIFICATE_VERIFY_FAILED] certificate verify failed: unable to get local issuer certificate (_ssl.c:1007)')
mexico,parliament,https://www.diputados.gob.mx,,ConnectTimeout('')
mexico,finance_treasury,https://www.hacienda.gob.mx,,ConnectTimeout('')
ethiopia,national_portal,https://www.ethiopia.gov.et,,ConnectError('[Errno -2] Name or service not known')
ethiopia,finance_treasury,https://mofed.gov.et,,ConnectError('[Errno -5] No address associated with hostname')
ethiopia,open_data_or_stats,https://www.csa.gov.et,,ConnectError('[Errno -2] Name or service not known')
philippines,national_portal,https://www.gov.ph,403.0,
philippines,parliament,https://www.congress.gov.ph,403.0,
philippines,head_of_government,https://op-proper.gov.ph,403.0,
egypt,national_portal,https://www.egypt.gov.eg,,ConnectTimeout('')
egypt,parliament,https://www.parliament.gov.eg,,ConnectError('[SSL: CERTIFICATE_VERIFY_FAILED] certificate verify failed: unable to get local issuer certificate (_ssl.c:1007)')
egypt,head_of_government,https://www.presidency.eg,403.0,
vietnam,parliament,https://www.quochoi.vn,,"ConnectError(""[SSL: CERTIFICATE_VERIFY_FAILED] certificate verify failed: Hostname mismatch, certificate is not valid for 'www.quochoi.vn'. (_ssl.c:1007)"")"
vietnam,open_data_or_stats,https://www.gso.gov.vn,,ConnectError('[SSL: CERTIFICATE_VERIFY_FAILED] certificate verify failed: unable to get local issuer certificate (_ssl.c:1007)')
dr_congo,national_portal,https://www.gouv.cd,,ConnectError('[Errno -2] Name or service not known')
dr_congo,parliament,https://www.assemblee-nationale.cd,,ConnectError('[Errno -3] Temporary failure in name resolution')
dr_congo,finance_treasury,https://finances.gouv.cd,403.0,
dr_congo,open_data_or_stats,https://www.ins.cd,,ConnectError('[Errno -2] Name or service not known')
turkey,parliament,https://www.tbmm.gov.tr,,RemoteProtocolError('Server disconnected without sending a response.')
turkey,head_of_government,https://www.tccb.gov.tr,,ReadTimeout('')
turkey,open_data_or_stats,https://www.data.gov.tr,,ConnectTimeout('')
iran,national_portal,https://www.dolat.ir,403.0,
iran,parliament,https://www.parliran.ir,,ConnectTimeout('')
iran,finance_treasury,https://www.mefa.gov.ir,,ConnectError('')
iran,open_data_or_stats,https://www.amar.org.ir,,ConnectError('')
thailand,national_portal,https://www.thailand.go.th,,"LocalProtocolError('InvalidBodyLengthError: Expected 0 bytes, received 826')"
thailand,head_of_government,https://www.thaigov.go.th,403.0,
thailand,finance_treasury,https://www.mof.go.th,,"LocalProtocolError('InvalidBodyLengthError: Expected 0 bytes, received 839')"
thailand,open_data_or_stats,https://data.go.th,403.0,
united_kingdom,parliament,https://www.parliament.uk,403.0,
france,national_portal,https://www.gouvernement.fr,403.0,
france,finance_treasury,https://www.economie.gouv.fr,403.0,
tanzania,national_portal,https://www.tanzania.go.tz,,ConnectError('[SSL: INVALID_ALERT] invalid alert (_ssl.c:1007)')
tanzania,head_of_government,https://www.ikulu.go.tz,,ConnectError('[SSL: INVALID_ALERT] invalid alert (_ssl.c:1007)')
south_africa,open_data_or_stats,https://www.data.gov.za,,ConnectError('[Errno -3] Temporary failure in name resolution')
myanmar,parliament,https://www.pyithu.hluttaw.mm,,ConnectError('[Errno -3] Temporary failure in name resolution')
myanmar,head_of_government,https://www.president-office.gov.mm,403.0,
kenya,national_portal,https://www.kenya.go.ke,,ConnectError('[Errno -2] Name or service not known')
kenya,parliament,https://www.parliament.go.ke,,ConnectError('[Errno -2] Name or service not known')
kenya,head_of_government,https://www.president.go.ke,,ConnectError('[SSL: CERTIFICATE_VERIFY_FAILED] certificate verify failed: unable to get local issuer certificate (_ssl.c:1007)')
kenya,open_data_or_stats,https://www.knbs.or.ke,,ConnectError('[SSL: CERTIFICATE_VERIFY_FAILED] certificate verify failed: unable to get local issuer certificate (_ssl.c:1007)')
south_korea,national_portal,https://www.korea.go.kr,,"ConnectError(""[SSL: CERTIFICATE_VERIFY_FAILED] certificate verify failed: Hostname mismatch, certificate is not valid for 'www.korea.go.kr'. (_ssl.c:1007)"")"
south_korea,head_of_government,https://www.pmo.go.kr,,ConnectError('[Errno -2] Name or service not known')
colombia,parliament,https://www.congreso.gov.co,,ConnectTimeout('')
colombia,head_of_government,https://www.presidencia.gov.co,403.0,
spain,parliament,https://www.congreso.es,403.0,
uganda,national_portal,https://www.go.ug,,ConnectError('[Errno -2] Name or service not known')
uganda,open_data_or_stats,https://www.ubos.org,,ReadTimeout('')
algeria,national_portal,https://www.premier-ministre.gov.dz,,ConnectTimeout('')
algeria,parliament,https://www.apn.dz,500.0,
algeria,head_of_government,https://www.el-mouradia.dz,,ConnectTimeout('')
algeria,finance_treasury,https://www.mf.gov.dz,,ConnectError('[SSL: CERTIFICATE_VERIFY_FAILED] certificate verify failed: unable to get local issuer certificate (_ssl.c:1007)')
algeria,open_data_or_stats,https://www.ons.dz,,ConnectError('[SSL: CERTIFICATE_VERIFY_FAILED] certificate verify failed: unable to get local issuer certificate (_ssl.c:1007)')
sudan,national_portal,https://www.gov.sd,,ConnectError('[Errno -2] Name or service not known')
sudan,parliament,https://www.parliament.gov.sd,,ConnectError('[Errno -3] Temporary failure in name resolution')
sudan,head_of_government,https://www.presidency.gov.sd,503.0,
sudan,finance_treasury,https://www.mof.gov.sd,,ConnectError('[SSL: CERTIFICATE_VERIFY_FAILED] certificate verify failed: unable to get local issuer certificate (_ssl.c:1007)')
sudan,open_data_or_stats,https://www.cbs.gov.sd,,ConnectError('[Errno -3] Temporary failure in name resolution')
ukraine,parliament,https://www.rada.gov.ua,,ConnectTimeout('')
ukraine,head_of_government,https://www.president.gov.ua,403.0,
ukraine,finance_treasury,https://www.mof.gov.ua,403.0,
ukraine,open_data_or_stats,https://www.ukrstat.gov.ua,,ConnectTimeout('')
iraq,national_portal,https://www.gov.iq,,ConnectError('[Errno -2] Name or service not known')
iraq,parliament,https://www.parliament.iq,403.0,
iraq,head_of_government,https://www.pmo.iq,403.0,
poland,parliament,https://www.sejm.gov.pl,,"RemoteProtocolError('<StreamReset stream_id:1, error_code:ErrorCodes.CANCEL, remote_reset:True>')"
poland,head_of_government,https://www.premier.gov.pl,,ConnectError('[Errno -3] Temporary failure in name resolution')
canada,finance_treasury,https://www.fin.gc.ca,,ConnectError('[Errno -2] Name or service not known')
morocco,parliament,https://www.parlement.ma,403.0,
morocco,finance_treasury,https://www.finances.gov.ma,,ConnectTimeout('')
saudi_arabia,national_portal,https://www.saudi.gov.sa,,ConnectError('[Errno -3] Temporary failure in name resolution')
saudi_arabia,head_of_government,https://www.royalcourt.gov.sa,,ReadError('')
uzbekistan,open_data_or_stats,https://stat.uz,,ConnectError('[SSL: CERTIFICATE_VERIFY_FAILED] certificate verify failed: unable to get local issuer certificate (_ssl.c:1007)')
afghanistan,national_portal,https://www.gov.af,,ConnectError('[Errno -2] Name or service not known')
afghanistan,parliament,https://www.wolesi.website,,ConnectError('[Errno -2] Name or service not known')
afghanistan,head_of_government,https://president.gov.af,,ConnectError('[Errno -2] Name or service not known')
afghanistan,open_data_or_stats,https://nsia.gov.af,,ConnectError('[SSL: CERTIFICATE_VERIFY_FAILED] certificate verify failed: unable to get local issuer certificate (_ssl.c:1007)')
malaysia,parliament,https://www.parlimen.gov.my,,ConnectError('[SSL: CERTIFICATE_VERIFY_FAILED] certificate verify failed: unable to get local issuer certificate (_ssl.c:1007)')
mozambique,parliament,https://www.parlamento.mz,,ConnectError('[SSL: CERTIFICATE_VERIFY_FAILED] certificate verify failed: certificate has expired (_ssl.c:1007)')
mozambique,open_data_or_stats,https://www.ine.gov.mz,,ConnectError('All connection attempts failed')
yemen,national_portal,https://www.yemen.gov.ye,,ConnectTimeout('')
yemen,head_of_government,https://www.presidency-ye.com,,ConnectError('[Errno -2] Name or service not known')
nepal,national_portal,https://www.nepal.gov.np,,ConnectError('[SSL: CERTIFICATE_VERIFY_FAILED] certificate verify failed: unable to get local issuer certificate (_ssl.c:1007)')
nepal,parliament,https://www.parliament.gov.np,,ConnectError('[SSL: CERTIFICATE_VERIFY_FAILED] certificate verify failed: unable to get local issuer certificate (_ssl.c:1007)')
nepal,open_data_or_stats,https://cbs.gov.np,,ConnectTimeout('')
venezuela,national_portal,https://www.gob.ve,,ConnectError('[Errno -2] Name or service not known')
venezuela,parliament,https://www.asambleanacionalvenezuela.org,,ConnectTimeout('')
venezuela,head_of_government,https://www.presidencia.gob.ve,,ConnectError('[SSL: CERTIFICATE_VERIFY_FAILED] certificate verify failed: unable to get local issuer certificate (_ssl.c:1007)')
venezuela,finance_treasury,https://www.mppp.gob.ve,,"ConnectError(""[SSL: CERTIFICATE_VERIFY_FAILED] certificate verify failed: Hostname mismatch, certificate is not valid for 'www.mppp.gob.ve'. (_ssl.c:1007)"")"
venezuela,open_data_or_stats,https://www.ine.gob.ve,403.0,
madagascar,national_portal,https://www.madagascar.gov.mg,,ConnectError('[Errno -2] Name or service not known')
madagascar,finance_treasury,https://www.mef.gov.mg,,ConnectError('[SSL: CERTIFICATE_VERIFY_FAILED] certificate verify failed: unable to get local issuer certificate (_ssl.c:1007)')
cameroon,open_data_or_stats,https://www.statistics-cameroon.org,,ConnectTimeout('')
cote_d_ivoire,parliament,https://www.assembleenationale.ci,,ConnectError('[Errno -2] Name or service not known')
cote_d_ivoire,open_data_or_stats,https://www.ins.ci,,ConnectError('[SSL: CERTIFICATE_VERIFY_FAILED] certificate verify failed: unable to get local issuer certificate (_ssl.c:1007)')
north_korea,national_portal,https://www.naenara.com.kp,,ConnectError('[SSL: CERTIFICATE_VERIFY_FAILED] certificate verify failed: self-signed certificate (_ssl.c:1007)')
north_korea,parliament,https://www.naenara.com.kp/en/government/,,ConnectError('[SSL: CERTIFICATE_VERIFY_FAILED] certificate verify failed: self-signed certificate (_ssl.c:1007)')
north_korea,head_of_government,https://www.naenara.com.kp/en/government/,,ConnectError('[SSL: CERTIFICATE_VERIFY_FAILED] certificate verify failed: self-signed certificate (_ssl.c:1007)')
north_korea,finance_treasury,https://www.naenara.com.kp/en/government/,,ConnectError('[SSL: CERTIFICATE_VERIFY_FAILED] certificate verify failed: self-signed certificate (_ssl.c:1007)')
north_korea,open_data_or_stats,https://www.naenara.com.kp/en/,,ConnectError('[SSL: CERTIFICATE_VERIFY_FAILED] certificate verify failed: self-signed certificate (_ssl.c:1007)')
taiwan,national_portal,https://www.taiwan.gov.tw,403.0,
taiwan,parliament,https://www.ly.gov.tw,403.0,
sri_lanka,parliament,https://www.parliament.lk,,ConnectError('[SSL: DH_KEY_TOO_SMALL] dh key too small (_ssl.c:1007)')
sri_lanka,open_data_or_stats,https://www.data.gov.lk,,"ConnectError(""[SSL: CERTIFICATE_VERIFY_FAILED] certificate verify failed: Hostname mismatch, certificate is not valid for 'www.data.gov.lk'. (_ssl.c:1007)"")"
burkina_faso,head_of_government,https://www.presidence.bf,,"ConnectError(""[SSL: CERTIFICATE_VERIFY_FAILED] certificate verify failed: Hostname mismatch, certificate is not valid for 'www.presidence.bf'. (_ssl.c:1007)"")"
mali,national_portal,https://www.gouv.ml,,ConnectError('[SSL: CERTIFICATE_VERIFY_FAILED] certificate verify failed: unable to get local issuer certificate (_ssl.c:1007)')
mali,head_of_government,https://www.presidence.ml,,ConnectError('[Errno -3] Temporary failure in name resolution')
mali,finance_treasury,https://www.finances.gouv.ml,,"ConnectError(""[SSL: CERTIFICATE_VERIFY_FAILED] certificate verify failed: Hostname mismatch, certificate is not valid for 'www.finances.gouv.ml'. (_ssl.c:1007)"")"
romania,national_portal,https://www.gov.ro,403.0,
romania,parliament,https://www.cdep.ro,,ConnectTimeout('')
romania,head_of_government,https://www.gov.ro/ro/guvern/prim-ministru,403.0,
romania,finance_treasury,https://mfinante.gov.ro,,ReadError('')
malawi,head_of_government,https://www.opc.gov.mw,,ConnectTimeout('')
malawi,finance_treasury,https://www.finance.gov.mw,,ConnectTimeout('')
chile,national_portal,https://www.gob.cl,403.0,
chile,parliament,https://www.camara.cl,,ProtocolError('Invalid input ConnectionInputs.SEND_SETTINGS in state ConnectionState.CLOSED')
chile,head_of_government,https://www.gob.cl/presidencia,403.0,
chile,open_data_or_stats,https://www.datos.gob.cl,404.0,
kazakhstan,finance_treasury,https://www.minfin.gov.kz,,ConnectError('[SSL: CERTIFICATE_VERIFY_FAILED] certificate verify failed: unable to get local issuer certificate (_ssl.c:1007)')
zambia,national_portal,https://www.zambia.gov.zm,,ConnectTimeout('')
zambia,parliament,https://www.parliament.gov.zm,,ConnectError('[SSL: CERTIFICATE_VERIFY_FAILED] certificate verify failed: unable to get local issuer certificate (_ssl.c:1007)')
zambia,head_of_government,https://www.statehouse.gov.zm,,ConnectError('[Errno -2] Name or service not known')
zambia,finance_treasury,https://www.mof.gov.zm,,ConnectTimeout('')
guatemala,national_portal,https://www.gob.gt,,ConnectError('[Errno -2] Name or service not known')
guatemala,parliament,https://www.congreso.gob.gt,,"LocalProtocolError('InvalidBodyLengthError: Expected 0 bytes, received 735')"
guatemala,finance_treasury,https://www.minfin.gob.gt,403.0,
guatemala,open_data_or_stats,https://www.datos.gob.gt,,ConnectError('[SSL: CERTIFICATE_VERIFY_FAILED] certificate verify failed: unable to get local issuer certificate (_ssl.c:1007)')
ecuador,national_portal,https://www.gob.ec,,ConnectTimeout('')
ecuador,head_of_government,https://www.presidencia.gob.ec,,ConnectTimeout('')
ecuador,finance_treasury,https://www.finanzas.gob.ec,,ConnectTimeout('')
syria,national_portal,https://www.syria.gov.sy,,ConnectError('[Errno -2] Name or service not known')
syria,parliament,https://www.parliament.gov.sy,,ConnectError('[SSL: CERTIFICATE_VERIFY_FAILED] certificate verify failed: self-signed certificate (_ssl.c:1007)')
syria,head_of_government,https://www.presidency.gov.sy,,ConnectError('[SSL: CERTIFICATE_VERIFY_FAILED] certificate verify failed: unable to get local issuer certificate (_ssl.c:1007)')
syria,finance_treasury,https://www.mof.gov.sy,,ConnectError('[SSL: CERTIFICATE_VERIFY_FAILED] certificate verify failed: self-signed certificate in certificate chain (_ssl.c:1007)')
syria,open_data_or_stats,https://cbssyr.sy,,ConnectError('[SSL: CERTIFICATE_VERIFY_FAILED] certificate verify failed: self-signed certificate (_ssl.c:1007)')
senegal,parliament,https://www.assemblee-nationale.sn,,ConnectTimeout('')
senegal,finance_treasury,https://www.economie.gouv.sn,,ConnectError('[SSL: CERTIFICATE_VERIFY_FAILED] certificate verify failed: unable to get local issuer certificate (_ssl.c:1007)')
senegal,open_data_or_stats,https://www.ansd.sn,,ConnectError('[SSL: CERTIFICATE_VERIFY_FAILED] certificate verify failed: unable to get local issuer certificate (_ssl.c:1007)')
cambodia,national_portal,https://www.gov.kh,,ConnectError('[Errno -2] Name or service not known')
cambodia,finance_treasury,https://www.mef.gov.kh,403.0,
chad,national_portal,https://www.gouv.td,,ConnectError('[Errno -2] Name or service not known')
chad,head_of_government,https://www.presidence.td,403.0,
chad,open_data_or_stats,https://www.insechad.org,,ConnectError('[Errno -2] Name or service not known')
somalia,national_portal,https://www.gov.so,,ConnectError('[Errno -2] Name or service not known')
somalia,open_data_or_stats,https://www.stats.gov.so,,ConnectError('[Errno -2] Name or service not known')
zimbabwe,national_portal,https://www.gov.zw,,ConnectError('[Errno -2] Name or service not known')
zimbabwe,parliament,https://www.parlzim.gov.zw,403.0,
zimbabwe,head_of_government,https://www.president.gov.zw,,ConnectError('[Errno -2] Name or service not known')
zimbabwe,finance_treasury,https://www.zimtreasury.gov.zw,,ConnectError('[SSL: CERTIFICATE_VERIFY_FAILED] certificate verify failed: self-signed certificate (_ssl.c:1007)')
guinea,parliament,https://www.assemblee.gov.gn,,ConnectError('All connection attempts failed')
guinea,finance_treasury,https://www.budget.gov.gn,,ConnectError('[Errno -3] Temporary failure in name resolution')
rwanda,head_of_government,https://www.presidency.gov.rw,,ConnectError('All connection attempts failed')
benin,open_data_or_stats,https://www.insta.bj,,ConnectError('[Errno -2] Name or service not known')
burundi,national_portal,https://www.gov.bi,,ConnectError('[Errno -2] Name or service not known')
burundi,finance_treasury,https://www.finance.gov.bi,,ConnectError('[Errno -2] Name or service not known')
bolivia,national_portal,https://www.bolivia.gob.bo,,ConnectError('[Errno -2] Name or service not known')
bolivia,finance_treasury,https://www.mefp.gob.bo,,ConnectError('[Errno -2] Name or service not known')
bolivia,open_data_or_stats,https://www.datos.gob.bo,403.0,
belgium,head_of_government,https://www.premier.be,403.0,
haiti,national_portal,https://www.gouv.ht,,ConnectError('[Errno -2] Name or service not known')
haiti,parliament,https://www.parlement.ht,,ConnectError('[Errno -2] Name or service not known')
haiti,head_of_government,https://www.presidence.gouv.ht,,ConnectError('[Errno -3] Temporary failure in name resolution')
haiti,open_data_or_stats,https://ihsi.ht,410.0,
cuba,national_portal,https://www.gob.cu,,ConnectError('[Errno -2] Name or service not known')
cuba,parliament,https://www.parlamentocubano.gob.cu,,ConnectTimeout('')
cuba,finance_treasury,https://www.minfin.gob.cu,,ConnectError('[Errno -2] Name or service not known')
south_sudan,national_portal,https://www.goss.org,,TooManyRedirects('Exceeded maximum allowed redirects.')
south_sudan,parliament,https://www.ssparliament.org,,ConnectError('[Errno -2] Name or service not known')
south_sudan,head_of_government,https://www.presidency.gov.ss,403.0,
dominican_republic,parliament,https://www.congresord.gob.do,,ConnectError('[Errno -2] Name or service not known')
dominican_republic,finance_treasury,https://www.hacienda.gob.do,403.0,
greece,national_portal,https://www.gov.gr,403.0,
greece,parliament,https://www.hellenicparliament.gr,403.0,
greece,head_of_government,https://primeminister.gr,403.0,
greece,open_data_or_stats,https://www.data.gov.gr,,"ConnectError(""[SSL: CERTIFICATE_VERIFY_FAILED] certificate verify failed: Hostname mismatch, certificate is not valid for 'www.data.gov.gr'. (_ssl.c:1007)"")"
jordan,national_portal,https://www.jordan.gov.jo,403.0,
jordan,parliament,https://www.parliament.jo,,ConnectError('[Errno -2] Name or service not known')
azerbaijan,finance_treasury,https://www.maliyye.gov.az,,ConnectError('[SSL: CERTIFICATE_VERIFY_FAILED] certificate verify failed: unable to get local issuer certificate (_ssl.c:1007)')
sweden,national_portal,https://www.government.se,403.0,
sweden,head_of_government,https://www.government.se,403.0,
sweden,finance_treasury,https://www.government.se/government-of-sweden/ministry-of-finance,403.0,
honduras,national_portal,https://www.honduras.gob.hn,,ConnectError('[Errno -2] Name or service not known')
honduras,parliament,https://www.congresonacional.hn,,"ConnectError(""[SSL: CERTIFICATE_VERIFY_FAILED] certificate verify failed: Hostname mismatch, certificate is not valid for 'www.congresonacional.hn'. (_ssl.c:1007)"")"
honduras,finance_treasury,https://www.sefin.gob.hn,,ConnectError('[SSL: CERTIFICATE_VERIFY_FAILED] certificate verify failed: unable to get local issuer certificate (_ssl.c:1007)')
honduras,open_data_or_stats,https://www.datos.gob.hn,,ConnectTimeout('')
united_arab_emirates,parliament,https://www.fnc.gov.ae,,ConnectError('[Errno -2] Name or service not known')
united_arab_emirates,open_data_or_stats,https://www.data.gov.ae,,ConnectError('[Errno -3] Temporary failure in name resolution')
hungary,finance_treasury,https://www.kormany.hu/penzugyminiszterium,404.0,
tajikistan,national_portal,https://www.gov.tj,,ConnectError('[Errno -2] Name or service not known')
tajikistan,parliament,https://www.parlament.tj,,ConnectError('')
tajikistan,head_of_government,https://www.president.tj,,ReadTimeout('')
tajikistan,finance_treasury,https://www.minfin.tj,,ConnectError('[Errno -2] Name or service not known')
belarus,parliament,https://house.gov.by,,ConnectTimeout('')
belarus,head_of_government,https://president.gov.by,,ConnectError('')
austria,head_of_government,https://www.bundeskanzleramt.gv.at,,TooManyRedirects('Exceeded maximum allowed redirects.')
papua_new_guinea,national_portal,https://www.png.gov.pg,,ConnectError('[Errno -3] Temporary failure in name resolution')
serbia,parliament,https://www.parlament.gov.rs,,ConnectTimeout('')
israel,national_portal,https://www.gov.il,403.0,
israel,head_of_government,https://www.pmo.gov.il,,ConnectError('[SSL: SSLV3_ALERT_HANDSHAKE_FAILURE] sslv3 alert handshake failure (_ssl.c:1007)')
israel,finance_treasury,https://www.mof.gov.il,,ProtocolError('Invalid input ConnectionInputs.SEND_SETTINGS in state ConnectionState.CLOSED')
togo,national_portal,https://www.gouv.tg,,ConnectError('[SSL: SSLV3_ALERT_HANDSHAKE_FAILURE] sslv3 alert handshake failure (_ssl.c:1007)')
togo,parliament,https://www.assemblee-nationale.tg,,ConnectError('[SSL: CERTIFICATE_VERIFY_FAILED] certificate verify failed: certificate has expired (_ssl.c:1007)')
