country,valid_count
argentina,5
australia,5
brazil,5
japan,5
india,5
ghana,5
peru,5
tunisia,5
portugal,5
benin,4
burkina_faso,4
azerbaijan,4
belgium,4
austria,4
hungary,4
malaysia,4
switzerland,4
rwanda,4
united_kingdom,4
netherlands,4
nigeria,4
papua_new_guinea,4
kazakhstan,4
italy,4
canada,4
germany,4
czechia,4
china,4
cameroon,4
south_africa,4
united_states,4
uzbekistan,4
yemen,3
togo,3
united_arab_emirates,3
serbia,3
poland,3
saudi_arabia,3
myanmar,3
mozambique,3
colombia,3
belarus,3
cambodia,3
cote_d_ivoire,3
france,3
dominican_republic,3
burundi,3
tanzania,3
uganda,3
somalia,3
south_korea,3
spain,3
sri_lanka,3
taiwan,3
mexico,3
malawi,3
morocco,3
madagascar,3
jordan,3
guinea,3
ethiopia,2
bolivia,2
turkey,2
vietnam,2
nepal,2
philippines,2
cuba,2
chad,2
ecuador,2
egypt,2
iraq,2
israel,2
senegal,2
south_sudan,2
mali,2
sweden,2
bangladesh,1
afghanistan,1
dr_congo,1
chile,1
greece,1
guatemala,1
haiti,1
honduras,1
indonesia,1
iran,1
pakistan,1
kenya,1
romania,1
tajikistan,1
ukraine,1
thailand,1
zambia,1
zimbabwe,1
