country,category,url
india,national_portal,https://www.india.gov.in
india,parliament,https://sansad.in
india,head_of_government,https://www.pmindia.gov.in
india,finance_treasury,https://finmin.gov.in
india,open_data_or_stats,https://data.gov.in
china,national_portal,https://www.gov.cn
china,parliament,https://www.npc.gov.cn
china,head_of_government,https://english.www.gov.cn
china,finance_treasury,https://www.mof.gov.cn
china,open_data_or_stats,https://www.stats.gov.cn
united_states,national_portal,https://www.usa.gov
united_states,parliament,https://www.congress.gov
united_states,head_of_government,https://www.whitehouse.gov
united_states,finance_treasury,https://home.treasury.gov
united_states,open_data_or_stats,https://www.data.gov
indonesia,national_portal,https://www.indonesia.go.id
indonesia,parliament,https://www.dpr.go.id
indonesia,head_of_government,https://www.setkab.go.id
indonesia,finance_treasury,https://www.kemenkeu.go.id
indonesia,open_data_or_stats,https://www.bps.go.id
pakistan,national_portal,https://www.pakistan.gov.pk
pakistan,parliament,https://na.gov.pk
pakistan,head_of_government,https://pmo.gov.pk
pakistan,finance_treasury,https://www.finance.gov.pk
pakistan,open_data_or_stats,https://www.data.gov.pk
nigeria,national_portal,https://www.nigeria.gov.ng
nigeria,parliament,https://www.nass.gov.ng
nigeria,head_of_government,https://statehouse.gov.ng
nigeria,finance_treasury,https://www.finance.gov.ng
nigeria,open_data_or_stats,https://www.nigerianstat.gov.ng
brazil,national_portal,https://www.gov.br
brazil,parliament,https://www.camara.leg.br
brazil,head_of_government,https://www.gov.br/planalto
brazil,finance_treasury,https://www.gov.br/receitafederal
brazil,open_data_or_stats,https://dados.gov.br
bangladesh,national_portal,https://www.bangladesh.gov.bd
bangladesh,parliament,https://www.parliament.gov.bd
bangladesh,head_of_government,https://pmo.gov.bd
bangladesh,finance_treasury,https://mof.gov.bd
bangladesh,open_data_or_stats,https://data.gov.bd
russia,national_portal,https://government.ru
russia,parliament,https://duma.gov.ru
russia,head_of_government,https://government.ru
russia,finance_treasury,https://minfin.gov.ru
russia,open_data_or_stats,https://www.gks.ru
mexico,national_portal,https://www.gob.mx
mexico,parliament,https://www.diputados.gob.mx
mexico,head_of_government,https://www.gob.mx/presidencia
mexico,finance_treasury,https://www.hacienda.gob.mx
mexico,open_data_or_stats,https://datos.gob.mx
japan,national_portal,https://www.japan.go.jp
japan,parliament,https://www.shugiin.go.jp
japan,head_of_government,https://www.kantei.go.jp
japan,finance_treasury,https://www.mof.go.jp
japan,open_data_or_stats,https://www.e-stat.go.jp
ethiopia,national_portal,https://www.ethiopia.gov.et
ethiopia,parliament,https://www.hopr.gov.et
ethiopia,head_of_government,https://www.pmo.gov.et
ethiopia,finance_treasury,https://mofed.gov.et
ethiopia,open_data_or_stats,https://www.csa.gov.et
philippines,national_portal,https://www.gov.ph
philippines,parliament,https://www.congress.gov.ph
philippines,head_of_government,https://op-proper.gov.ph
philippines,finance_treasury,https://www.dof.gov.ph
philippines,open_data_or_stats,https://data.gov.ph
egypt,national_portal,https://www.egypt.gov.eg
egypt,parliament,https://www.parliament.gov.eg
egypt,head_of_government,https://www.presidency.eg
egypt,finance_treasury,https://www.mof.gov.eg
egypt,open_data_or_stats,https://www.capmas.gov.eg
vietnam,national_portal,https://www.chinhphu.vn
vietnam,parliament,https://www.quochoi.vn
vietnam,head_of_government,https://www.chinhphu.vn
vietnam,finance_treasury,https://www.mof.gov.vn
vietnam,open_data_or_stats,https://www.gso.gov.vn
dr_congo,national_portal,https://www.gouv.cd
dr_congo,parliament,https://www.assemblee-nationale.cd
dr_congo,head_of_government,https://www.presidence.cd
dr_congo,finance_treasury,https://finances.gouv.cd
dr_congo,open_data_or_stats,https://www.ins.cd
turkey,national_portal,https://www.turkiye.gov.tr
turkey,parliament,https://www.tbmm.gov.tr
turkey,head_of_government,https://www.tccb.gov.tr
turkey,finance_treasury,https://www.hmb.gov.tr
turkey,open_data_or_stats,https://www.data.gov.tr
iran,national_portal,https://www.dolat.ir
iran,parliament,https://www.parliran.ir
iran,head_of_government,https://www.president.ir
iran,finance_treasury,https://www.mefa.gov.ir
iran,open_data_or_stats,https://www.amar.org.ir
germany,national_portal,https://www.bundesregierung.de
germany,parliament,https://www.bundestag.de
germany,head_of_government,https://www.bundesregierung.de
germany,finance_treasury,https://www.bundesfinanzministerium.de
germany,open_data_or_stats,https://www.destatis.de
thailand,national_portal,https://www.thailand.go.th
thailand,parliament,https://www.parliament.go.th
thailand,head_of_government,https://www.thaigov.go.th
thailand,finance_treasury,https://www.mof.go.th
thailand,open_data_or_stats,https://data.go.th
united_kingdom,national_portal,https://www.gov.uk
united_kingdom,parliament,https://www.parliament.uk
united_kingdom,head_of_government,https://www.gov.uk/government/organisations/prime-ministers-office-10-downing-street
united_kingdom,finance_treasury,https://www.gov.uk/government/organisations/hm-treasury
united_kingdom,open_data_or_stats,https://data.gov.uk
france,national_portal,https://www.gouvernement.fr
france,parliament,https://www.assemblee-nationale.fr
france,head_of_government,https://www.elysee.fr
france,finance_treasury,https://www.economie.gouv.fr
france,open_data_or_stats,https://www.data.gouv.fr
italy,national_portal,https://www.governo.it
italy,parliament,https://www.camera.it
italy,head_of_government,https://www.governo.it
italy,finance_treasury,https://www.mef.gov.it
italy,open_data_or_stats,https://www.dati.gov.it
tanzania,national_portal,https://www.tanzania.go.tz
tanzania,parliament,https://www.parliament.go.tz
tanzania,head_of_government,https://www.ikulu.go.tz
tanzania,finance_treasury,https://www.mof.go.tz
tanzania,open_data_or_stats,https://www.nbs.go.tz
south_africa,national_portal,https://www.gov.za
south_africa,parliament,https://www.parliament.gov.za
south_africa,head_of_government,https://www.thepresidency.gov.za
south_africa,finance_treasury,https://www.treasury.gov.za
south_africa,open_data_or_stats,https://www.data.gov.za
myanmar,national_portal,https://www.myanmar.gov.mm
myanmar,parliament,https://www.pyithu.hluttaw.mm
myanmar,head_of_government,https://www.president-office.gov.mm
myanmar,finance_treasury,https://www.mopf.gov.mm
myanmar,open_data_or_stats,https://www.csostat.gov.mm
kenya,national_portal,https://www.kenya.go.ke
kenya,parliament,https://www.parliament.go.ke
kenya,head_of_government,https://www.president.go.ke
kenya,finance_treasury,https://www.treasury.go.ke
kenya,open_data_or_stats,https://www.knbs.or.ke
south_korea,national_portal,https://www.korea.go.kr
south_korea,parliament,https://www.assembly.go.kr
south_korea,head_of_government,https://www.pmo.go.kr
south_korea,finance_treasury,https://www.moef.go.kr
south_korea,open_data_or_stats,https://www.data.go.kr
colombia,national_portal,https://www.gov.co
colombia,parliament,https://www.congreso.gov.co
colombia,head_of_government,https://www.presidencia.gov.co
colombia,finance_treasury,https://www.minhacienda.gov.co
colombia,open_data_or_stats,https://www.datos.gov.co
spain,national_portal,https://www.lamoncloa.gob.es
spain,parliament,https://www.congreso.es
spain,head_of_government,https://www.lamoncloa.gob.es
spain,finance_treasury,https://www.hacienda.gob.es
spain,open_data_or_stats,https://datos.gob.es
uganda,national_portal,https://www.go.ug
uganda,parliament,https://www.parliament.go.ug
uganda,head_of_government,https://www.statehouse.go.ug
uganda,finance_treasury,https://www.finance.go.ug
uganda,open_data_or_stats,https://www.ubos.org
argentina,national_portal,https://www.argentina.gob.ar
argentina,parliament,https://www.diputados.gob.ar
argentina,head_of_government,https://www.argentina.gob.ar/presidencia
argentina,finance_treasury,https://www.economia.gob.ar
argentina,open_data_or_stats,https://www.datos.gob.ar
algeria,national_portal,https://www.premier-ministre.gov.dz
algeria,parliament,https://www.apn.dz
algeria,head_of_government,https://www.el-mouradia.dz
algeria,finance_treasury,https://www.mf.gov.dz
algeria,open_data_or_stats,https://www.ons.dz
sudan,national_portal,https://www.gov.sd
sudan,parliament,https://www.parliament.gov.sd
sudan,head_of_government,https://www.presidency.gov.sd
sudan,finance_treasury,https://www.mof.gov.sd
sudan,open_data_or_stats,https://www.cbs.gov.sd
ukraine,national_portal,https://www.kmu.gov.ua
ukraine,parliament,https://www.rada.gov.ua
ukraine,head_of_government,https://www.president.gov.ua
ukraine,finance_treasury,https://www.mof.gov.ua
ukraine,open_data_or_stats,https://www.ukrstat.gov.ua
iraq,national_portal,https://www.gov.iq
iraq,parliament,https://www.parliament.iq
iraq,head_of_government,https://www.pmo.iq
iraq,finance_treasury,https://www.mof.gov.iq
iraq,open_data_or_stats,https://www.cosit.gov.iq
poland,national_portal,https://www.gov.pl
poland,parliament,https://www.sejm.gov.pl
poland,head_of_government,https://www.premier.gov.pl
poland,finance_treasury,https://www.gov.pl/web/finance
poland,open_data_or_stats,https://stat.gov.pl
canada,national_portal,https://www.canada.ca
canada,parliament,https://www.parl.ca
canada,head_of_government,https://pm.gc.ca
canada,finance_treasury,https://www.fin.gc.ca
canada,open_data_or_stats,https://open.canada.ca
morocco,national_portal,https://www.maroc.ma
morocco,parliament,https://www.parlement.ma
morocco,head_of_government,https://www.cg.gov.ma
morocco,finance_treasury,https://www.finances.gov.ma
morocco,open_data_or_stats,https://www.hcp.ma
saudi_arabia,national_portal,https://www.saudi.gov.sa
saudi_arabia,parliament,https://www.shura.gov.sa
saudi_arabia,head_of_government,https://www.royalcourt.gov.sa
saudi_arabia,finance_treasury,https://www.mof.gov.sa
saudi_arabia,open_data_or_stats,https://www.data.gov.sa
uzbekistan,national_portal,https://www.gov.uz
uzbekistan,parliament,https://www.parliament.gov.uz
uzbekistan,head_of_government,https://president.uz
uzbekistan,finance_treasury,https://www.mf.uz
uzbekistan,open_data_or_stats,https://stat.uz
peru,national_portal,https://www.gob.pe
peru,parliament,https://www.congreso.gob.pe
peru,head_of_government,https://www.gob.pe/presidencia
peru,finance_treasury,https://www.mef.gob.pe
peru,open_data_or_stats,https://www.datosabiertos.gob.pe
afghanistan,national_portal,https://www.gov.af
afghanistan,parliament,https://www.wolesi.website
afghanistan,head_of_government,https://president.gov.af
afghanistan,finance_treasury,https://mof.gov.af
afghanistan,open_data_or_stats,https://nsia.gov.af
malaysia,national_portal,https://www.malaysia.gov.my
malaysia,parliament,https://www.parlimen.gov.my
malaysia,head_of_government,https://www.pmo.gov.my
malaysia,finance_treasury,https://www.mof.gov.my
malaysia,open_data_or_stats,https://www.data.gov.my
mozambique,national_portal,https://www.portaldogoverno.gov.mz
mozambique,parliament,https://www.parlamento.mz
mozambique,head_of_government,https://www.presidencia.gov.mz
mozambique,finance_treasury,https://www.mef.gov.mz
mozambique,open_data_or_stats,https://www.ine.gov.mz
ghana,national_portal,https://www.ghana.gov.gh
ghana,parliament,https://www.parliament.gh
ghana,head_of_government,https://www.presidency.gov.gh
ghana,finance_treasury,https://www.mofep.gov.gh
ghana,open_data_or_stats,https://www.statsghana.gov.gh
yemen,national_portal,https://www.yemen.gov.ye
yemen,parliament,https://www.parliament-ye.com
yemen,head_of_government,https://www.presidency-ye.com
yemen,finance_treasury,https://www.mof.gov.ye
yemen,open_data_or_stats,https://www.cso-yemen.org
nepal,national_portal,https://www.nepal.gov.np
nepal,parliament,https://www.parliament.gov.np
nepal,head_of_government,https://www.opmcm.gov.np
nepal,finance_treasury,https://www.mof.gov.np
nepal,open_data_or_stats,https://cbs.gov.np
venezuela,national_portal,https://www.gob.ve
venezuela,parliament,https://www.asambleanacionalvenezuela.org
venezuela,head_of_government,https://www.presidencia.gob.ve
venezuela,finance_treasury,https://www.mppp.gob.ve
venezuela,open_data_or_stats,https://www.ine.gob.ve
madagascar,national_portal,https://www.madagascar.gov.mg
madagascar,parliament,https://www.assemblee-nationale.mg
madagascar,head_of_government,https://www.presidence.gov.mg
madagascar,finance_treasury,https://www.mef.gov.mg
madagascar,open_data_or_stats,https://www.instat.mg
cameroon,national_portal,https://www.spm.gov.cm
cameroon,parliament,https://www.assnat.cm
cameroon,head_of_government,https://www.prc.cm
cameroon,finance_treasury,https://www.minfi.gov.cm
cameroon,open_data_or_stats,https://www.statistics-cameroon.org
cote_d_ivoire,national_portal,https://www.gouv.ci
cote_d_ivoire,parliament,https://www.assembleenationale.ci
cote_d_ivoire,head_of_government,https://www.presidence.ci
cote_d_ivoire,finance_treasury,https://www.finances.gouv.ci
cote_d_ivoire,open_data_or_stats,https://www.ins.ci
australia,national_portal,https://www.australia.gov.au
australia,parliament,https://www.aph.gov.au
australia,head_of_government,https://www.pm.gov.au
australia,finance_treasury,https://treasury.gov.au
australia,open_data_or_stats,https://data.gov.au
north_korea,national_portal,https://www.naenara.com.kp
north_korea,parliament,https://www.naenara.com.kp/en/government/
north_korea,head_of_government,https://www.naenara.com.kp/en/government/
north_korea,finance_treasury,https://www.naenara.com.kp/en/government/
north_korea,open_data_or_stats,https://www.naenara.com.kp/en/
taiwan,national_portal,https://www.taiwan.gov.tw
taiwan,parliament,https://www.ly.gov.tw
taiwan,head_of_government,https://www.ey.gov.tw
taiwan,finance_treasury,https://www.mof.gov.tw
taiwan,open_data_or_stats,https://data.gov.tw
sri_lanka,national_portal,https://www.gov.lk
sri_lanka,parliament,https://www.parliament.lk
sri_lanka,head_of_government,https://www.president.gov.lk
sri_lanka,finance_treasury,https://www.treasury.gov.lk
sri_lanka,open_data_or_stats,https://www.data.gov.lk
burkina_faso,national_portal,https://www.gouvernement.gov.bf
burkina_faso,parliament,https://www.assembleenationale.bf
burkina_faso,head_of_government,https://www.presidence.bf
burkina_faso,finance_treasury,https://www.finances.gov.bf
burkina_faso,open_data_or_stats,https://www.insd.bf
mali,national_portal,https://www.gouv.ml
mali,parliament,https://www.assemblee-nationale.ml
mali,head_of_government,https://www.presidence.ml
mali,finance_treasury,https://www.finances.gouv.ml
mali,open_data_or_stats,https://www.instat-mali.org
romania,national_portal,https://www.gov.ro
romania,parliament,https://www.cdep.ro
romania,head_of_government,https://www.gov.ro/ro/guvern/prim-ministru
romania,finance_treasury,https://mfinante.gov.ro
romania,open_data_or_stats,https://data.gov.ro
malawi,national_portal,https://www.malawi.gov.mw
malawi,parliament,https://www.parliament.gov.mw
malawi,head_of_government,https://www.opc.gov.mw
malawi,finance_treasury,https://www.finance.gov.mw
malawi,open_data_or_stats,https://www.nsomalawi.mw
chile,national_portal,https://www.gob.cl
chile,parliament,https://www.camara.cl
chile,head_of_government,https://www.gob.cl/presidencia
chile,finance_treasury,https://www.hacienda.cl
chile,open_data_or_stats,https://www.datos.gob.cl
kazakhstan,national_portal,https://www.gov.kz
kazakhstan,parliament,https://www.parlam.kz
kazakhstan,head_of_government,https://www.primeminister.kz
kazakhstan,finance_treasury,https://www.minfin.gov.kz
kazakhstan,open_data_or_stats,https://stat.gov.kz
zambia,national_portal,https://www.zambia.gov.zm
zambia,parliament,https://www.parliament.gov.zm
zambia,head_of_government,https://www.statehouse.gov.zm
zambia,finance_treasury,https://www.mof.gov.zm
zambia,open_data_or_stats,https://www.zamstats.gov.zm
guatemala,national_portal,https://www.gob.gt
guatemala,parliament,https://www.congreso.gob.gt
guatemala,head_of_government,https://www.presidencia.gob.gt
guatemala,finance_treasury,https://www.minfin.gob.gt
guatemala,open_data_or_stats,https://www.datos.gob.gt
ecuador,national_portal,https://www.gob.ec
ecuador,parliament,https://www.asambleanacional.gob.ec
ecuador,head_of_government,https://www.presidencia.gob.ec
ecuador,finance_treasury,https://www.finanzas.gob.ec
ecuador,open_data_or_stats,https://www.datosabiertos.gob.ec
syria,national_portal,https://www.syria.gov.sy
syria,parliament,https://www.parliament.gov.sy
syria,head_of_government,https://www.presidency.gov.sy
syria,finance_treasury,https://www.mof.gov.sy
syria,open_data_or_stats,https://cbssyr.sy
netherlands,national_portal,https://www.government.nl
netherlands,parliament,https://www.tweedekamer.nl
netherlands,head_of_government,https://www.government.nl
netherlands,finance_treasury,https://www.government.nl/ministries/ministry-of-finance
netherlands,open_data_or_stats,https://data.overheid.nl
senegal,national_portal,https://www.sec.gouv.sn
senegal,parliament,https://www.assemblee-nationale.sn
senegal,head_of_government,https://www.presidence.sn
senegal,finance_treasury,https://www.economie.gouv.sn
senegal,open_data_or_stats,https://www.ansd.sn
cambodia,national_portal,https://www.gov.kh
cambodia,parliament,https://www.nac.gov.kh
cambodia,head_of_government,https://www.pressocm.gov.kh
cambodia,finance_treasury,https://www.mef.gov.kh
cambodia,open_data_or_stats,https://www.nis.gov.kh
chad,national_portal,https://www.gouv.td
chad,parliament,https://www.assemblee-nationale.td
chad,head_of_government,https://www.presidence.td
chad,finance_treasury,https://www.finances.gouv.td
chad,open_data_or_stats,https://www.insechad.org
somalia,national_portal,https://www.gov.so
somalia,parliament,https://www.parliament.gov.so
somalia,head_of_government,https://www.villasomalia.gov.so
somalia,finance_treasury,https://mof.gov.so
somalia,open_data_or_stats,https://www.stats.gov.so
zimbabwe,national_portal,https://www.gov.zw
zimbabwe,parliament,https://www.parlzim.gov.zw
zimbabwe,head_of_government,https://www.president.gov.zw
zimbabwe,finance_treasury,https://www.zimtreasury.gov.zw
zimbabwe,open_data_or_stats,https://www.zimstat.co.zw
guinea,national_portal,https://www.gouvernement.gov.gn
guinea,parliament,https://www.assemblee.gov.gn
guinea,head_of_government,https://www.presidence.gov.gn
guinea,finance_treasury,https://www.budget.gov.gn
guinea,open_data_or_stats,https://www.stat-guinee.org
rwanda,national_portal,https://www.gov.rw
rwanda,parliament,https://www.parliament.gov.rw
rwanda,head_of_government,https://www.presidency.gov.rw
rwanda,finance_treasury,https://www.minecofin.gov.rw
rwanda,open_data_or_stats,https://statistics.gov.rw
benin,national_portal,https://www.gouv.bj
benin,parliament,https://www.assemblee-nationale.bj
benin,head_of_government,https://www.presidence.bj
benin,finance_treasury,https://www.finances.bj
benin,open_data_or_stats,https://www.insta.bj
burundi,national_portal,https://www.gov.bi
burundi,parliament,https://www.assemblee.bi
burundi,head_of_government,https://www.presidence.gov.bi
burundi,finance_treasury,https://www.finance.gov.bi
burundi,open_data_or_stats,https://www.isteebu.bi
tunisia,national_portal,https://www.tunisie.gov.tn
tunisia,parliament,https://www.arp.tn
tunisia,head_of_government,https://www.carthage.tn
tunisia,finance_treasury,https://www.finances.gov.tn
tunisia,open_data_or_stats,https://www.ins.tn
bolivia,national_portal,https://www.bolivia.gob.bo
bolivia,parliament,https://www.diputados.bo
bolivia,head_of_government,https://www.presidencia.gob.bo
bolivia,finance_treasury,https://www.mefp.gob.bo
bolivia,open_data_or_stats,https://www.datos.gob.bo
belgium,national_portal,https://www.belgium.be
belgium,parliament,https://www.dekamer.be
belgium,head_of_government,https://www.premier.be
belgium,finance_treasury,https://finance.belgium.be
belgium,open_data_or_stats,https://statbel.fgov.be
haiti,national_portal,https://www.gouv.ht
haiti,parliament,https://www.parlement.ht
haiti,head_of_government,https://www.presidence.gouv.ht
haiti,finance_treasury,https://www.mef.gouv.ht
haiti,open_data_or_stats,https://ihsi.ht
cuba,national_portal,https://www.gob.cu
cuba,parliament,https://www.parlamentocubano.gob.cu
cuba,head_of_government,https://www.presidencia.gob.cu
cuba,finance_treasury,https://www.minfin.gob.cu
cuba,open_data_or_stats,https://www.onei.gob.cu
south_sudan,national_portal,https://www.goss.org
south_sudan,parliament,https://www.ssparliament.org
south_sudan,head_of_government,https://www.presidency.gov.ss
south_sudan,finance_treasury,https://mofep-grss.org
south_sudan,open_data_or_stats,https://www.nbs.gov.ss
dominican_republic,national_portal,https://www.gob.do
dominican_republic,parliament,https://www.congresord.gob.do
dominican_republic,head_of_government,https://www.presidencia.gob.do
dominican_republic,finance_treasury,https://www.hacienda.gob.do
dominican_republic,open_data_or_stats,https://www.datos.gob.do
czechia,national_portal,https://www.vlada.cz
czechia,parliament,https://www.psp.cz
czechia,head_of_government,https://www.vlada.cz
czechia,finance_treasury,https://www.mfcr.cz
czechia,open_data_or_stats,https://data.gov.cz
greece,national_portal,https://www.gov.gr
greece,parliament,https://www.hellenicparliament.gr
greece,head_of_government,https://primeminister.gr
greece,finance_treasury,https://www.minfin.gr
greece,open_data_or_stats,https://www.data.gov.gr
jordan,national_portal,https://www.jordan.gov.jo
jordan,parliament,https://www.parliament.jo
jordan,head_of_government,https://www.pm.gov.jo
jordan,finance_treasury,https://www.mof.gov.jo
jordan,open_data_or_stats,https://dosweb.dos.gov.jo
portugal,national_portal,https://www.portugal.gov.pt
portugal,parliament,https://www.parlamento.pt
portugal,head_of_government,https://www.portugal.gov.pt/pt/gc23/primeiro-ministro
portugal,finance_treasury,https://www.portugal.gov.pt/pt/gc23/area-de-governo/financas
portugal,open_data_or_stats,https://www.dados.gov.pt
azerbaijan,national_portal,https://www.gov.az
azerbaijan,parliament,https://www.meclis.gov.az
azerbaijan,head_of_government,https://president.az
azerbaijan,finance_treasury,https://www.maliyye.gov.az
azerbaijan,open_data_or_stats,https://www.stat.gov.az
sweden,national_portal,https://www.government.se
sweden,parliament,https://www.riksdagen.se
sweden,head_of_government,https://www.government.se
sweden,finance_treasury,https://www.government.se/government-of-sweden/ministry-of-finance
sweden,open_data_or_stats,https://www.scb.se
honduras,national_portal,https://www.honduras.gob.hn
honduras,parliament,https://www.congresonacional.hn
honduras,head_of_government,https://www.presidencia.gob.hn
honduras,finance_treasury,https://www.sefin.gob.hn
honduras,open_data_or_stats,https://www.datos.gob.hn
united_arab_emirates,national_portal,https://u.ae
united_arab_emirates,parliament,https://www.fnc.gov.ae
united_arab_emirates,head_of_government,https://uaecabinet.ae
united_arab_emirates,finance_treasury,https://www.mof.gov.ae
united_arab_emirates,open_data_or_stats,https://www.data.gov.ae
hungary,national_portal,https://www.kormany.hu
hungary,parliament,https://www.parlament.hu
hungary,head_of_government,https://www.kormany.hu/miniszterelnok
hungary,finance_treasury,https://www.kormany.hu/penzugyminiszterium
hungary,open_data_or_stats,https://www.ksh.hu
tajikistan,national_portal,https://www.gov.tj
tajikistan,parliament,https://www.parlament.tj
tajikistan,head_of_government,https://www.president.tj
tajikistan,finance_treasury,https://www.minfin.tj
tajikistan,open_data_or_stats,https://www.stat.tj
belarus,national_portal,https://www.government.by
belarus,parliament,https://house.gov.by
belarus,head_of_government,https://president.gov.by
belarus,finance_treasury,https://www.minfin.gov.by
belarus,open_data_or_stats,https://www.belstat.gov.by
austria,national_portal,https://www.oesterreich.gv.at
austria,parliament,https://www.parlament.gv.at
austria,head_of_government,https://www.bundeskanzleramt.gv.at
austria,finance_treasury,https://www.bmf.gv.at
austria,open_data_or_stats,https://www.data.gv.at
papua_new_guinea,national_portal,https://www.png.gov.pg
papua_new_guinea,parliament,https://www.parliament.gov.pg
papua_new_guinea,head_of_government,https://www.pmnec.gov.pg
papua_new_guinea,finance_treasury,https://www.treasury.gov.pg
papua_new_guinea,open_data_or_stats,https://www.nso.gov.pg
serbia,national_portal,https://www.srbija.gov.rs
serbia,parliament,https://www.parlament.gov.rs
serbia,head_of_government,https://www.srbija.gov.rs
serbia,finance_treasury,https://www.mfin.gov.rs
serbia,open_data_or_stats,https://data.gov.rs
israel,national_portal,https://www.gov.il
israel,parliament,https://www.knesset.gov.il
israel,head_of_government,https://www.pmo.gov.il
israel,finance_treasury,https://www.mof.gov.il
israel,open_data_or_stats,https://www.data.gov.il
switzerland,national_portal,https://www.admin.ch
switzerland,parliament,https://www.parlament.ch
switzerland,head_of_government,https://www.admin.ch
switzerland,finance_treasury,https://www.efv.admin.ch
switzerland,open_data_or_stats,https://www.opendata.swiss
togo,national_portal,https://www.gouv.tg
togo,parliament,https://www.assemblee-nationale.tg
togo,head_of_government,https://www.presidence.gouv.tg
togo,finance_treasury,https://finances.gouv.tg
togo,open_data_or_stats,https://www.inseed.tg