file,country,category,cluster,silhouette,tsne_x,tsne_y
australia_1.png,australia,tax_id,1,0.37546805,13.914993,4.810868
australia_2.png,australia,efiling,1,0.30354854,24.34045,13.940882
australia_3.png,australia,passport,1,0.30668402,-21.963654,-54.42846
brazil_1.png,brazil,tax_id,1,0.09427306,8.837859,69.15734
brazil_2.png,brazil,efiling,1,0.17514442,-13.363718,36.386677
brazil_3.png,brazil,passport,1,0.06732966,-3.6174612,56.38397
canada_1.png,canada,tax_id,1,0.3449529,-64.88669,40.731
canada_2.png,canada,efiling,1,0.38093564,-64.47252,55.962013
canada_3.png,canada,passport,1,0.30753142,-78.28621,61.63753
india_1.png,india,tax_id,1,0.27165177,21.678682,-21.67452
india_2.png,india,efiling,1,0.15603092,29.976973,-51.018505
india_3.png,india,passport,1,0.24340338,48.368774,-16.2287
indonesia_1.png,indonesia,tax_id,1,0.22513951,49.71619,40.50697
indonesia_2.png,indonesia,efiling,1,0.15065528,38.873264,51.793427
indonesia_3.png,indonesia,passport,1,0.24228401,-51.098564,-62.38903
ireland_1.png,ireland,tax_id,1,0.26552722,14.051787,-36.442078
ireland_2.png,ireland,efiling,1,0.33090284,-49.02528,2.708832
ireland_3.png,ireland,passport,1,0.24616036,77.629196,1.6313717
japan_1.png,japan,tax_id,0,0.29909015,100.85533,-90.3648
japan_2.png,japan,efiling,0,0.37212032,91.06341,-79.60387
japan_3.png,japan,passport,0,0.30256012,103.84816,-70.81577
malaysia_1.png,malaysia,tax_id,0,0.039421726,-94.99275,-53.3788
malaysia_2.png,malaysia,efiling,1,0.2697296,6.3149285,23.3814
malaysia_3.png,malaysia,passport,1,0.22088704,56.627872,-4.529904
new_zealand_1.png,new_zealand,tax_id,1,0.31141296,-44.0765,-14.238457
new_zealand_2.png,new_zealand,efiling,1,0.31565854,-41.419983,-49.13626
new_zealand_3.png,new_zealand,passport,1,0.32113162,-40.952282,22.83694
south_africa_1.png,south_africa,tax_id,1,0.2902613,-102.7806,5.4418464
south_africa_2.png,south_africa,efiling,1,0.26233006,-115.79024,6.263874
south_africa_3.png,south_africa,passport,1,0.18943158,92.169365,14.27117
united_kingdom_1.png,united_kingdom,tax_id,1,0.35653728,-15.300151,-10.77253
united_kingdom_2.png,united_kingdom,efiling,1,0.34226662,-25.390696,5.093995
united_kingdom_3.png,united_kingdom,passport,1,0.33492744,-20.35851,17.441853
